age,monthly_spend,total_orders,days_since_last_order,support_tickets,churn
24,850000,14,5,1,0
31,620000,10,12,2,0
42,380000,5,48,5,1
28,910000,16,3,0,0
45,290000,4,72,6,1
36,540000,8,35,3,1
27,780000,13,8,1,0
51,250000,3,90,7,1
33,690000,11,15,2,0
39,410000,6,55,4,1
29,820000,15,6,0,0
47,330000,5,68,5,1
35,570000,9,28,2,0
26,740000,12,10,1,0
43,360000,4,61,6,1
32,650000,10,18,2,0
49,280000,3,82,7,1
38,460000,7,42,4,1
25,880000,17,4,0,0
44,320000,5,75,6,1
30,710000,11,14,1,0
41,390000,6,50,4,1
34,600000,9,22,2,0
48,270000,4,88,7,1
29,790000,14,7,1,0
37,500000,8,31,3,1
46,310000,5,70,5,1
27,830000,15,5,0,0
40,430000,7,47,4,1
33,680000,10,16,1,0